candidates,contest,fptp_votes,place,state,date,office,num_winners,rcv_type,fptp,rcv,different,gender,race,party_affiliation,notes,,,
"Pitkin, John",Cambridge City Council 2001,1081,Cambridge,MA,2001,City Council,9,stv_whole_ballot,TRUE,FALSE,TRUE,M,,,,,,
"DeBergalis, Matt S.",Cambridge City Council 2003,1200,Cambridge,MA,2003,City Council,9,stv_whole_ballot,TRUE,FALSE,TRUE,M,,,,,,
Shawn Bunney,"Pierce County Council, District 2 2008",105006,Pierce County,WA,2008,Council District 2,1,rcv_single_winner,TRUE,FALSE,TRUE,M,,,,,,
"Sullivan, Edward J.",Cambridge City Council 2009	,877,Cambridge,MA,2009,City Council,9,stv_whole_ballot,TRUE,FALSE,TRUE,M,,,,,,
Kurt Wright,Burlington Mayor 2009,2946,Burlington,VT,2009,Mayor,1,rcv_single_winner,TRUE,FALSE,TRUE,M,,Republican,,,,
DON PERATA,2010 Mayor of Oakland Nov 2010,40293,Oakland,CA,2010,Mayor,1,rcv_single_winner,TRUE,FALSE,TRUE,M,,Democrat,https://www.nytimes.com/2010/11/12/us/politics/12bcvoting.html,,,
ANTHONY B. ''TONY'' SANTOS,2010 Mayor of San Leandro Nov 2010,7956,San Leandro,CA,2010,Mayor,1,rcv_single_winner,TRUE,FALSE,TRUE,M,,,https://www.eastbaytimes.com/2019/04/19/former-san-leandro-mayor-anthony-tony-santos-dies/,,,
SEAN SULLIVAN,"2012 Member, City Council,District 3 - Oakland Nov 2012",5724,Oakland,CA,2012,Member City Council District 3,1,rcv_single_winner,TRUE,FALSE,TRUE,M,,,https://ebaldc.org/ebaldc-elects-sean-sullivan-as-new-board-chair/,,,
"Benzan, Dennis A.",Cambridge City Council 2015,1148,Cambridge,MA,2015,City Council,9,stv_whole_ballot,TRUE,FALSE,TRUE,M,,,http://vote.cambridgecivic.com/benzan.htm,,,
DARRYL MOORE,2016 BerkeleyCouncilD2,2827,Berkeley,CA,2016,CouncilD2,1,rcv_single_winner,TRUE,FALSE,TRUE,M,,,https://www.berkeleyside.com/2016/10/11/election-2016-who-is-darryl-moore,,,
HUBER TRENADO,2016 OaklandSchoolD5,4875,Oakland,CA,2016,SchoolD5,1,rcv_single_winner,TRUE,FALSE,TRUE,M,,,https://ballotpedia.org/Huber_Trenado,,,
"REP Poliquin, Bruce",Maine General CD2 CVR Updated 2018,133993,Maine,ME,2018,General CD2 CVR,1,rcv_single_winner,TRUE,FALSE,TRUE,M,,Republican,https://www.nytimes.com/2018/11/15/us/politics/poliquin-maine-loses.html,,,
"Maher, David P.",Cambridge City Council 2001,,Cambridge,MA,2001,City Council,9,stv_whole_ballot,FALSE,TRUE,TRUE,M,,,https://www2.cambridgema.gov/deptann.cfm?story_id=317,,,
"Cheung, Leland",Cambridge City Council 2009,,Cambridge,MA,2009,City Council,9,stv_whole_ballot,FALSE,TRUE,TRUE,M,,Democrat,https://en.wikipedia.org/wiki/Leland_Cheung,https://www.cityofberkeley.info/uploadedFiles/Clerk/Elections/2016/Summary%20Results%20Nov.%202016.pdf,,
Bob Kiss,Burlington Mayor 2009,,Burlington,VT,2009,Mayor,1,rcv_single_winner,FALSE,TRUE,TRUE,M,,Progressive,https://en.wikipedia.org/wiki/Bob_Kiss,,,
MARK FARRELL,San Francisco Board of Supervisors District 2 2010,,San Francisco,CA,2010,Board of Supervisors District 2,1,rcv_single_winner,FALSE,TRUE,TRUE,M,,,https://en.wikipedia.org/wiki/Mark_Farrell_(politician),https://www.craigkelley.org/,,
STEPHEN H. CASSIDY,Mayor of San Leandro Nov 2010,,San Leandro,CA,2010,Mayor,1,rcv_single_winner,FALSE,TRUE,TRUE,M,,,https://en.wikipedia.org/wiki/Stephen_H._Cassidy,,,
"Carlone, Dennis J.",Cambridge City Council 2015,,Cambridge,MA,2015,City Council,9,stv_whole_ballot,FALSE,TRUE,TRUE,M,,,https://www.cambridgema.gov/Departments/citycouncil/citycouncilmembers/denniscarlone,,,
Steve Fletcher,Minneapolis Ward 3 2017,,Minneapolis,MN,2017,Ward 3,1,rcv_single_winner,FALSE,TRUE,TRUE,M,,,http://www.minneapolismn.gov/ward3/about-steve,,,https://abc7news.com/politics/london-breed-sworn-in-as-san-francisco-mayor/3740958/
Phillipe M. Cunningham,Minneapolis Ward 4 2017,,Minneapolis,MN,2017,Ward 4,1,rcv_single_winner,FALSE,TRUE,TRUE,M,,,http://vote.minneapolismn.gov/results/2017/2017-ward-04-tabulation,,,
"DEM Golden, Jared F.",Maine General CD2 CVR Updated 2018,,Maine,ME,2018,General CD2 CVR,1,rcv_single_winner,FALSE,TRUE,TRUE,M,,Democrat,https://www.maine.gov/sos/news/2018/poliquinrecount.html,,,
DEAN PRESTON,"San Francisco Board of Supervisors, District 5 2019",,San Francisco,CA,2019,"Member, Board of Supervisors, District 5",1,rcv_single_winner,FALSE,TRUE,TRUE,M,,Democrat,https://en.wikipedia.org/wiki/Dean_Preston,,,
LYNETTE SWEET,San Francisco Board of Supervisors District 10 2010,2137,San Francisco,CA,2010,Board of Supervisors District 10,1,rcv_single_winner,TRUE,FALSE,TRUE,F,,,,,,
JANET REILLY,San Francisco Board of Supervisors District 2 2010,9874,San Francisco,CA,2010,Board of Supervisors District 2,1,rcv_single_winner,TRUE,FALSE,TRUE,F,,,,,,
URSULA REED,"2012 Member, City Council, District 2 - San Leandro Nov 2012",10707,San Leandro,CA,2012,Member City Council District 2,1,rcv_single_winner,TRUE,FALSE,TRUE,F,,Democrat,https://patch.com/california/sanleandro/ursula-reed-candidate-for-san-leandro-city-council-district-2,,,
"Cronin, Fran Albin",Cambridge School Committee 2015,1411,Cambridge,MA,2015,School Committee,6,stv_whole_ballot,TRUE,FALSE,TRUE,F,,,http://vote.cambridgecivic.com/cronin.htm,,,
Ginger Jentzen,Minneapolis Ward 3 2017,3290,Minneapolis,MN,2017,Ward 3,1,rcv_single_winner,TRUE,FALSE,TRUE,F,,,https://ballotpedia.org/Ginger_Jentzen,,,
"Barbara A. ""Barb"" Johnson",Minneapolis Ward 4 2017,2254,Minneapolis,MN,2017,Ward 4,1,rcv_single_winner,TRUE,FALSE,TRUE,F,,,https://www.mprnews.org/story/2017/11/08/barb-johnson-minneapolis-council-president-defeated,,,
VALLIE BROWN,"San Francisco Board of Supervisors, District 5 2019",11171,San Francisco,CA,2019,"Member, Board of Supervisors, District 5",1,rcv_single_winner,TRUE,FALSE,TRUE,F,,,https://ballotpedia.org/Vallie_Brown,,,
"Simmons, Denise",Cambridge City Council 2003,,Cambridge,MA,2003,City Council,9,stv_whole_ballot,FALSE,TRUE,TRUE,F,,,https://en.wikipedia.org/wiki/E._Denise_Simmons,,,
Pat McCarthy,"Pierce County Council, District 2 2008",,Pierce County,WA,2008,Council District 2,1,rcv_single_winner,FALSE,TRUE,TRUE,F,,,https://ballotpedia.org/Pat_McCarthy,,,
JEAN QUAN,Mayor of Oakland Nov 2010,,Oakland,CA,2010,Mayor,1,rcv_single_winner,FALSE,TRUE,TRUE,F,,Democrat,https://www.eastbaytimes.com/2010/11/10/jean-quan-is-oaklands-mayor/,,,
MALIA COHEN,San Francisco Board of Supervisors District 10 2010,,San Francisco,CA,2010,Board of Supervisors District 10,1,rcv_single_winner,FALSE,TRUE,TRUE,F,,,https://sfbos.org/former-supervisor-malia-cohen-district-10,,,
LYNETTE GIBSON-MCELHANEY,"Member, City Council,District 3 - Oakland Nov 2012",,Oakland,CA,2012,Member City Council District 3,1,rcv_single_winner,FALSE,TRUE,TRUE,F,,,https://ballotpedia.org/Lynette_Gibson_McElhaney,,,
MORGAN MACK-ROSE,"2012 Member, City Council, District 2 - San Leandro Nov 2012",,San Leandro,CA,2012,Member City Council District 2,1,rcv_single_winner,FALSE,TRUE,TRUE,F,,,http://www.smartvoter.org/2012/11/06/ca/alm/vote/mack-rose_m/bio.html,,,
"Dexter, Emily R.",Cambridge School Committee 2015,,Cambridge,MA,2015,School Committee,6,stv_whole_ballot,FALSE,TRUE,TRUE,F,,,https://www.cambridgema.gov/Departments/electioncommission/campaignandpoliticalfinance/campaignfinancereportsschoolcommittee/emilyrdexter,,,
CHERYL DAVILA,2016 BerkeleyCouncilD2,,Berkeley,CA,2016,CouncilD2,1,rcv_single_winner,FALSE,TRUE,TRUE,F,,,http://www.berkeleypedia.com/index.php?title=Cheryl_Davila,,,
ROSIE TORRES,2016 OaklandSchoolD5,,Oakland,CA,2016,SchoolD5,1,rcv_single_winner,FALSE,TRUE,TRUE,F,,,https://ballotpedia.org/Roseann_Torres,,,
LINDA CARTER,Payson City Council 2019,674,Payson,UT,2019,City Council,3,sequential_rcv,FALSE,TRUE,TRUE,F,,,https://ballotpedia.org/Linda_Carter_(Utah),,,
"Kelley, Craig A.",Cambridge City Council 2017,1090,Cambridge,MA,2017,City Council,9,stv_whole_ballot,TRUE,TRUE,FALSE,M,,,[COUNTING ERROR] https://www.cambridgema.gov/election2017/Council%20Order%20Round19.htm,,,
"VICTOR AGUILAR, JR.",San Leandro Council D3 2018,11845,San Leandro,CA,2018,Council D3,1,rcv_single_winner,TRUE,TRUE,FALSE,M,,,,,,
BRIAN V. HULET,Payson City Council 2019,615,Payson,UT,2019,City Council,3,sequential_rcv,TRUE,FALSE,FALSE,M,,,https://paysonutah.org/government-transparency/elected-officials,,,
G. TYCE FLAKE,Vineyard City Council 2019,273,Vineyard,UT,2019,City Council,2,sequential_rcv,TRUE,TRUE,FALSE,M,,,https://www.vineyardutah.org/425/Candidates,,,
"Tierney, Sean",Cambridge City Council 2017,,Cambridge,MA,2017,City Council,9,stv_whole_ballot,FALSE,FALSE,FALSE,M,,,https://www.cambridgema.gov/election2017/Council%20Order%20Round19.htm,,,
MARK LENO,San Francisco Mayor June 2018,,San Francisco,CA,2018,Mayor,1,rcv_single_winner,FALSE,FALSE,FALSE,M,,,https://www.sfchronicle.com/bayarea/article/Mark-Leno-concedes-SF-mayor-s-race-to-London-12991190.php,,,
LEE THOMAS,San Leandro Council D3 2018,,San Leandro,CA,2018,Council D3,1,rcv_single_winner,FALSE,FALSE,FALSE,M,,,https://sanleandro.legistar.com/MeetingDetail.aspx?ID=643484&GUID=2B3A34FE-3C0F-4721-B422-A2CB39B85875&Search=,,,
GEORGE BEIER,"2014 Member, City Council, District 8 - Berkeley Nov 2014",,Berkeley,CA,2014,Member City Council District 8,1,rcv_single_winner,FALSE,FALSE,FALSE,M,,,[COUNTING ERROR] https://www.dailycal.org/2014/11/12/lori-droste-poised-take-city-council-seat-unofficial-vote-update-shows/,,,
"Carlone, Dennis J.",Cambridge City Council 2013,1150,Cambridge,MA,2013,City Council,9,stv_whole_ballot,TRUE,TRUE,FALSE,M,,,http://vote.cambridgecivic.com/carlone.htm https://www.cambridgema.gov/-/media/Files/electioncommission/2013municipalelectionrecount/2013municipalelectionrecountresults.pdf,,,
"Galluccio, Anthony D.",Cambridge City Council 2001,3203,Cambridge,MA,2001,City Council,9,stv_whole_ballot,TRUE,TRUE,FALSE,M,,,https://en.wikipedia.org/wiki/Anthony_D._Galluccio,,,
"Murphy, Brian",Cambridge City Council 2001,1706,Cambridge,MA,2001,City Council,9,stv_whole_ballot,TRUE,TRUE,FALSE,M,,,https://www.thecrimson.com/article/2015/2/11/brian-murphy-city-manager-obituary/,,,
"Toomey, Timothy J., Jr.",Cambridge City Council 2001,1379,Cambridge,MA,2001,City Council,9,stv_whole_ballot,TRUE,TRUE,FALSE,M,,Democrat,https://en.wikipedia.org/wiki/Timothy_J._Toomey_Jr.,,,
"Sullivan, Michael A.",Cambridge City Council 2001,1277,Cambridge,MA,2001,City Council,9,stv_whole_ballot,TRUE,TRUE,FALSE,M,,Democrat,https://en.wikipedia.org/wiki/Michael_A._Sullivan,,,
"Reeves, Kenneth E.",Cambridge City Council 2001,1126,Cambridge,MA,2001,City Council,9,stv_whole_ballot,TRUE,TRUE,FALSE,M,,Democrat,https://en.wikipedia.org/wiki/Kenneth_Reeves,,,
"Galluccio, Anthony D.",Cambridge City Council 2003,2974,Cambridge,MA,2003,City Council,9,stv_whole_ballot,TRUE,TRUE,FALSE,M,,Democrat,https://en.wikipedia.org/wiki/Anthony_D._Galluccio,,,
"Sullivan, Michael A.",Cambridge City Council 2003,1627,Cambridge,MA,2003,City Council,9,stv_whole_ballot,TRUE,TRUE,FALSE,M,,Democrat,https://en.wikipedia.org/wiki/Michael_A._Sullivan,,,
"Toomey, Timothy J., Jr.",Cambridge City Council 2003,1589,Cambridge,MA,2003,City Council,9,stv_whole_ballot,TRUE,TRUE,FALSE,M,,,https://en.wikipedia.org/wiki/Timothy_J._Toomey_Jr.,,,
"Reeves, Kenneth E.",Cambridge City Council 2003,1505,Cambridge,MA,2003,City Council,9,stv_whole_ballot,TRUE,TRUE,FALSE,M,,,https://www2.cambridgema.gov/cityClerk/CommitteeReport.cfm?instance_id=87&pv=Yes,,,
"Murphy, Brian",Cambridge City Council 2003,1354,Cambridge,MA,2003,City Council,9,stv_whole_ballot,TRUE,TRUE,FALSE,M,,Democrat,https://www.ourcampaigns.com/RaceDetail.html?RaceID=837509,,,
"Maher, David P.",Cambridge City Council 2003,1173,Cambridge,MA,2003,City Council,9,stv_whole_ballot,TRUE,TRUE,FALSE,M,,,https://www.ourcampaigns.com/RaceDetail.html?RaceID=837509,,,
"Fantini, Alfred B.",Cambridge School Committee 2003,2863,Cambridge,MA,2003,School Committee,6,stv_whole_ballot,TRUE,TRUE,FALSE,M,,,https://www.cpsd.us/school_committee/school_committee_members/alfred_b__fantini,,,
"McGovern, Marc C.",Cambridge School Committee 2003,2683,Cambridge,MA,2003,School Committee,6,stv_whole_ballot,TRUE,TRUE,FALSE,M,,,http://rwinters.com/elections/election2003/index.html,,,
"Lummis, Ben",Cambridge School Committee 2003,2583,Cambridge,MA,2003,School Committee,6,stv_whole_ballot,TRUE,TRUE,FALSE,M,,,http://rwinters.com/elections/election2003/index.html,,,
"Harding, Richard, Jr.",Cambridge School Committee 2003,2315,Cambridge,MA,2003,School Committee,6,stv_whole_ballot,TRUE,TRUE,FALSE,M,,,http://rwinters.com/elections/election2003/index.html,,,
"Grassi, Joseph G.",Cambridge School Committee 2003,2261,Cambridge,MA,2003,School Committee,6,stv_whole_ballot,TRUE,TRUE,FALSE,M,,,http://rwinters.com/elections/election2003/index.html,,,
Jake McGoldrick,San Francisco District 1 2004,11791,San Francisco,CA,2004,District 1,1,rcv_single_winner,TRUE,TRUE,FALSE,M,,,https://sfbos.org/former-supervisor-jake-mcgoldrick-district-1,,,
Gerardo Sandoval,San Francisco District 11 2004,7427,San Francisco,CA,2004,District 11,1,rcv_single_winner,TRUE,TRUE,FALSE,M,,Democrat,https://en.wikipedia.org/wiki/Gerardo_Sandoval,,,
Arron Peskin,San Francisco District 3 2004,16120,San Francisco,CA,2004,District 3,1,rcv_single_winner,TRUE,TRUE,FALSE,M,,Democrat,https://en.wikipedia.org/wiki/Aaron_Peskin,,,
Ross Mirkarimi,San Francisco District 5 2004,9928,San Francisco,CA,2004,District 5,1,rcv_single_winner,TRUE,TRUE,FALSE,M,,,https://sfbos.org/former-supervisor-ross-mirkarimi-district-5,,,
Sean R. Elsbernd,San Francisco District 7 2004,10475,San Francisco,CA,2004,District 7,1,rcv_single_winner,TRUE,TRUE,FALSE,M,,Democrat,https://en.wikipedia.org/wiki/Sean_Elsbernd,,,
Tom Ammiano,San Francisco District 9 2004,12547,San Francisco,CA,2004,District 9,1,rcv_single_winner,TRUE,TRUE,FALSE,M,,Democrat,https://en.wikipedia.org/wiki/Tom_Ammiano,,,
"Galluccio, Anthony D.",Cambridge City Council 2005,1991,Cambridge,MA,2005,City Council,9,stv_whole_ballot,TRUE,TRUE,FALSE,M,,Democrat,https://en.wikipedia.org/wiki/Anthony_D._Galluccio,,,
"Sullivan, Michael A.",Cambridge City Council 2005,1448,Cambridge,MA,2005,City Council,9,stv_whole_ballot,TRUE,TRUE,FALSE,M,,Democrat,https://en.wikipedia.org/wiki/Michael_A._Sullivan,,,
"Toomey, Timothy J., Jr.",Cambridge City Council 2005,1419,Cambridge,MA,2005,City Council,9,stv_whole_ballot,TRUE,TRUE,FALSE,M,,Democrat,https://en.wikipedia.org/wiki/Timothy_J._Toomey_Jr.,,,
"Murphy, Brian",Cambridge City Council 2005,1234,Cambridge,MA,2005,City Council,9,stv_whole_ballot,TRUE,TRUE,FALSE,M,,Democrat,,,,
"Reeves, Kenneth E.",Cambridge City Council 2005,1199,Cambridge,MA,2005,City Council,9,stv_whole_ballot,TRUE,TRUE,FALSE,M,,Democrat,,,,
"Kelley, Craig A.",Cambridge City Council 2005,1036,Cambridge,MA,2005,City Council,9,stv_whole_ballot,TRUE,TRUE,FALSE,M,,Democrat,https://www.craigkelley.org/about.htm,,,
"Fantini, Alfred B.",Cambridge School Committee 2005,2263,Cambridge,MA,2005,School Committee,6,stv_whole_ballot,TRUE,TRUE,FALSE,M,,,https://www.cpsd.us/school_committee/school_committee_members/alfred_b__fantini,,,
"Grassi, Joseph G.",Cambridge School Committee 2005,1973,Cambridge,MA,2005,School Committee,6,stv_whole_ballot,TRUE,TRUE,FALSE,M,,,https://www.thecrimson.com/article/2008/12/8/council-debates-middle-school-reform-throughout/,,,
"Harding, Richard, Jr.",Cambridge School Committee 2005,1957,Cambridge,MA,2005,School Committee,6,stv_whole_ballot,TRUE,TRUE,FALSE,M,,,,,,
"Schuster, Luc",Cambridge School Committee 2005,1836,Cambridge,MA,2005,School Committee,6,stv_whole_ballot,TRUE,TRUE,FALSE,M,,,,,,
Phil Ting,San Francisco Assessor-Recorder 2005,92729,San Francisco,CA,2005,Assessor-Recorder,1,rcv_single_winner,TRUE,TRUE,FALSE,M,,Democrat,https://en.wikipedia.org/wiki/Phil_Ting,,,
Jose Cisneros,San Francisco Treasurer 2005,107632,San Francisco,CA,2005,Treasurer,1,rcv_single_winner,TRUE,TRUE,FALSE,M,,Democrat,https://en.wikipedia.org/wiki/Jos%C3%A9_Cisneros,,,
Bob Kiss,Burlington Mayor 2006,3809,Burlington,VT,2006,Mayor,1,rcv_single_winner,TRUE,TRUE,FALSE,M,,Progressive,https://en.wikipedia.org/wiki/Bob_Kiss,,,
Ed Jew,San Francisco Board of Supervisors District 4 2006,5125,San Francisco,CA,2006,Board of Supervisors District 4,1,rcv_single_winner,TRUE,TRUE,FALSE,M,,,https://en.wikipedia.org/wiki/Ed_Jew,,,
Chris Daly,San Francisco Board of Supervisors District 6 2006,8654,San Francisco,CA,2006,Board of Supervisors District 6,1,rcv_single_winner,TRUE,TRUE,FALSE,M,,Democrat,https://en.wikipedia.org/wiki/Chris_Daly,,,
Bevan Dufty,San Francisco Board of Supervisors District 8 2006,20761,San Francisco,CA,2006,Board of Supervisors District 8,1,rcv_single_winner,TRUE,TRUE,FALSE,M,,Democrat,https://en.wikipedia.org/wiki/Bevan_Dufty,,,
"Toomey, Timothy J., Jr.",Cambridge City Council 2007,1332,Cambridge,MA,2007,City Council,9,stv_whole_ballot,TRUE,TRUE,FALSE,M,,Democrat,https://en.wikipedia.org/wiki/Timothy_J._Toomey_Jr.,,,
"Maher, David P.",Cambridge City Council 2007,1308,Cambridge,MA,2007,City Council,9,stv_whole_ballot,TRUE,TRUE,FALSE,M,,,https://www2.cambridgema.gov/cityClerk/CommitteeReport.cfm?instance_id=521,,,
"Reeves, Kenneth E.",Cambridge City Council 2007,1211,Cambridge,MA,2007,City Council,9,stv_whole_ballot,TRUE,TRUE,FALSE,M,,Democrat,,,,
"Murphy, Brian",Cambridge City Council 2007,1156,Cambridge,MA,2007,City Council,9,stv_whole_ballot,TRUE,TRUE,FALSE,M,,,https://www.thecrimson.com/article/2009/2/13/brian-murphy-departs-city-council-one/,,,
"Kelley, Craig A.",Cambridge City Council 2007,1116,Cambridge,MA,2007,City Council,9,stv_whole_ballot,TRUE,TRUE,FALSE,M,,Democrat,https://www2.cambridgema.gov/cityClerk/CommitteeReport.cfm?action=search&instance_id=354,,,
"Seidel, Sam",Cambridge City Council 2007,1036,Cambridge,MA,2007,City Council,9,stv_whole_ballot,TRUE,TRUE,FALSE,M,,,https://www.thecrimson.com/article/2007/11/7/in-upset-gsd-grad-wins-council/,,,
"McGovern, Marc C.",Cambridge School Committee 2007,2265,Cambridge,MA,2007,School Committee,6,stv_whole_ballot,TRUE,TRUE,FALSE,M,,,https://www.cambridgecouncilcandidates.com/candidates/marc-mcgovern/,,,
"Fantini, Alfred B.",Cambridge School Committee 2007,1998,Cambridge,MA,2007,School Committee,6,stv_whole_ballot,TRUE,TRUE,FALSE,M,,,http://rwinters.com/school/index.html,,,
"Schuster, Luc",Cambridge School Committee 2007,1668,Cambridge,MA,2007,School Committee,6,stv_whole_ballot,TRUE,TRUE,FALSE,M,,,https://www.cpsd.us/UserFiles/Servers/Server_3042785/File/Migration/BRC_Pres_060308.pdf?rev=3,,,
"Grassi, Joseph G.",Cambridge School Committee 2007,1613,Cambridge,MA,2007,School Committee,6,stv_whole_ballot,TRUE,TRUE,FALSE,M,,,https://www.cpsd.us/UserFiles/Servers/Server_3042785/File/Migration/BRC_Pres_060308.pdf?rev=3,,,
"Harding, Richard, Jr.",Cambridge School Committee 2007,1554,Cambridge,MA,2007,School Committee,6,stv_whole_ballot,TRUE,TRUE,FALSE,M,,,https://www.cpsd.us/UserFiles/Servers/Server_3042785/File/Migration/BRC_Pres_060308.pdf?rev=3,,,
Gavin Newsom,San Francisco Mayor 2007,105596,San Francisco,CA,2007,Mayor,1,rcv_single_winner,TRUE,TRUE,FALSE,M,,Democrat,https://en.wikipedia.org/wiki/Gavin_Newsom,,,
Dale Washam,Pierce County Executive 2008,65513,Pierce County,WA,2008,Executive,1,rcv_single_winner,TRUE,TRUE,FALSE,M,,,https://www.thenewstribune.com/news/local/article228702824.html,,,
ERIC MAR,San Francisco Board of Supervisors District 1 2008,11625,San Francisco,CA,2008,Board of Supervisors District 1,1,rcv_single_winner,TRUE,TRUE,FALSE,M,,Democrat,https://en.wikipedia.org/wiki/Eric_Mar,,,
JOHN AVALOS,San Francisco Board of Supervisors District 11 2008,6918,San Francisco,CA,2008,Board of Supervisors District 11,1,rcv_single_winner,TRUE,TRUE,FALSE,M,,Democrat,https://en.wikipedia.org/wiki/John_Avalos,,,
DAVID CHIU,San Francisco Board of Supervisors District 3 2008,10209,San Francisco,CA,2008,Board of Supervisors District 3,1,rcv_single_winner,TRUE,TRUE,FALSE,M,,Democrat,https://en.wikipedia.org/wiki/David_Chiu_(politician),,,
ROSS MIRKARIMI,San Francisco Board of Supervisors District 5 2008,27482,San Francisco,CA,2008,Board of Supervisors District 5,1,rcv_single_winner,TRUE,TRUE,FALSE,M,,,https://en.wikipedia.org/wiki/Ross_Mirkarimi,,,
SEAN R. ELSBERND,San Francisco Board of Supervisors District 7 2008,22019,San Francisco,CA,2008,Board of Supervisors District 7,1,rcv_single_winner,TRUE,TRUE,FALSE,M,,Democrat,https://en.wikipedia.org/wiki/Sean_Elsbernd,,,
DAVID CAMPOS,San Francisco Board of Supervisors District 9 2008,9440,San Francisco,CA,2008,Board of Supervisors District 9,1,rcv_single_winner,TRUE,TRUE,FALSE,M,,Democrat,https://en.wikipedia.org/wiki/David_Campos,,,
"Toomey, Jr., Timothy J.",Cambridge City Council 2009,1737,Cambridge,MA,2009,City Council,9,stv_whole_ballot,TRUE,TRUE,FALSE,M,,Democrat,https://en.wikipedia.org/wiki/Timothy_J._Toomey_Jr.,,,
"Maher, David P.",Cambridge City Council 2009,1283,Cambridge,MA,2009,City Council,9,stv_whole_ballot,TRUE,TRUE,FALSE,M,,,https://www2.cambridgema.gov/cityClerk/CommitteeReport.cfm?instance_id=479,,,
"Kelley, Craig A.",Cambridge City Council 2009,1245,Cambridge,MA,2009,City Council,9,stv_whole_ballot,TRUE,TRUE,FALSE,M,,Democrat,https://www2.cambridgema.gov/cityClerk/CommitteeReport.cfm?instance_id=479,,,
"Reeves, Kenneth E.",Cambridge City Council 2009,1157,Cambridge,MA,2009,City Council,9,stv_whole_ballot,TRUE,TRUE,FALSE,M,,,https://www2.cambridgema.gov/cityClerk/CommitteeReport.cfm?instance_id=479,,,
"Seidel, Sam",Cambridge City Council 2009,899,Cambridge,MA,2009,City Council,9,stv_whole_ballot,TRUE,TRUE,FALSE,M,,,https://www2.cambridgema.gov/cityClerk/CommitteeReport.cfm?instance_id=479,,,
David Wheeler,Minneapolis BOE 2009,6107,Minneapolis,MN,2009,BOE,2,stv_fractional_ballot,TRUE,TRUE,FALSE,M,,,http://vote.minneapolismn.gov/results/2009/index.htm,,,
R.T. Rybak,Minneapolis Mayor 2009,33234,Minneapolis,MN,2009,Mayor,1,rcv_single_winner,TRUE,TRUE,FALSE,M,,Democrat,http://vote.minneapolismn.gov/results/2009/index.htm,,,
Bob Fine,Minneapolis Park At Large 2009,8089,Minneapolis,MN,2009,Park At Large,3,stv_fractional_ballot,TRUE,TRUE,FALSE,M,,,http://vote.minneapolismn.gov/results/2009/index.htm,,,
John Erwin,Minneapolis Park At Large 2009,6376,Minneapolis,MN,2009,Park At Large,3,stv_fractional_ballot,TRUE,TRUE,FALSE,M,,,http://vote.minneapolismn.gov/results/2009/index.htm,,,
Jon Olson,Minneapolis Park District 2 2009,2874,Minneapolis,MN,2009,Park District 2,1,rcv_single_winner,TRUE,TRUE,FALSE,M,,,http://vote.minneapolismn.gov/results/2009/index.htm,,,
Scott Vreeland,Minneapolis Park District 3 2009,3430,Minneapolis,MN,2009,Park District 3,1,rcv_single_winner,TRUE,TRUE,FALSE,M,,,http://vote.minneapolismn.gov/results/2009/index.htm,,,
Brad Bourn,Minneapolis Park District 6 2009,4023,Minneapolis,MN,2009,Park District 6,1,rcv_single_winner,TRUE,TRUE,FALSE,M,,,http://vote.minneapolismn.gov/results/2009/index.htm,,,
Kevin Reich,Minneapolis Ward 1 2009,1997,Minneapolis,MN,2009,Ward 1,1,rcv_single_winner,TRUE,TRUE,FALSE,M,,,http://vote.minneapolismn.gov/results/2009/index.htm,,,
John Quincy,Minneapolis Ward 11 2009,2550,Minneapolis,MN,2009,Ward 11,1,rcv_single_winner,TRUE,TRUE,FALSE,M,,,http://vote.minneapolismn.gov/results/2009/index.htm,,,
Cam Gordon,Minneapolis Ward 2 2009,2260,Minneapolis,MN,2009,Ward 2,1,rcv_single_winner,TRUE,TRUE,FALSE,M,,Green,http://vote.minneapolismn.gov/results/2009/index.htm,,,
Don Samuels,Minneapolis Ward 5 2009,1020,Minneapolis,MN,2009,Ward 5,1,rcv_single_winner,TRUE,TRUE,FALSE,M,,,http://vote.minneapolismn.gov/results/2009/index.htm,,,
Robert Lilligren,Minneapolis Ward 6 2009,1020,Minneapolis,MN,2009,Ward 6,1,rcv_single_winner,TRUE,TRUE,FALSE,M,,,http://vote.minneapolismn.gov/results/2009/index.htm,,,
Gary Schiff,Minneapolis Ward 9 2009,1818,Minneapolis,MN,2009,Ward 9,1,rcv_single_winner,TRUE,TRUE,FALSE,M,,,http://vote.minneapolismn.gov/results/2009/index.htm,,,
JESSE ARREGUIN,"2010 Member, City Council, District 4 - Berkeley Nov 2010",2537,Berkeley,CA,2010,Member City Council District 4,1,rcv_single_winner,TRUE,TRUE,FALSE,M,,Democrat,https://en.wikipedia.org/wiki/Jesse_Arregu%C3%ADn,,,
KRISS WORTHINGTON,"2010 Member, City Council, District 7 - Berkeley Nov 2010",2077,Berkeley,CA,2010,Member City Council District 7,1,rcv_single_winner,TRUE,TRUE,FALSE,M,,,https://www.berkeleyside.com/2018/07/19/after-22-years-kriss-worthington-will-not-seek-re-election-to-berkeley-city-council,,,
GORDON WOZNIAK,"2010 Member, City Council, District 8 - Berkeley Nov 2010",2803,Berkeley,CA,2010,Member City Council District 8,1,rcv_single_winner,TRUE,TRUE,FALSE,M,,,https://www.dailycal.org/2012/06/12/report-shows-drop-in-city-crime-from-2010-to-2011/,,,
DAVID KAKISHIBA,"2010 School Director, District 2 - Oakland Nov 2010",9833,Oakland,CA,2010,School Director District 2,1,rcv_single_winner,TRUE,TRUE,FALSE,M,,,https://keywiki.org/David_Kakishiba,,,
GARY D. YEE,"2010 School Director, District 4 - Oakland Nov 2010",13017,Oakland,CA,2010,School Director District 4,1,rcv_single_winner,TRUE,TRUE,FALSE,M,,,https://www.ousd.org/Page/18181,,,
CHRISTOPHER DOBBINS,"2010 School Director, District 6 - Oakland Nov 2010",9832,Oakland,CA,2010,School Director District 6,1,rcv_single_winner,TRUE,TRUE,FALSE,M,,,https://ballotpedia.org/Christopher_Dobbins,,,
SCOTT WIENER,San Francisco Board of Supervisors District 8 2010,14797,San Francisco,CA,2010,Board of Supervisors District 8,1,rcv_single_winner,TRUE,TRUE,FALSE,M,,Democrat,https://en.wikipedia.org/wiki/Scott_Wiener,,,
MICHAEL J. GREGORY,"2010 Member, City Council, District 1 - San Leandro Nov 2010",12973,San Leandro,CA,2010,Member City Council District 1,1,rcv_single_winner,TRUE,TRUE,FALSE,M,,,http://www.smartvoter.org/2010/11/02/ca/alm/race/023/,,,
"Cheung, Leland",Cambridge City Council 2011,2015,Cambridge,MA,2011,City Council,9,stv_whole_ballot,TRUE,TRUE,FALSE,M,,Democrat,https://ballotpedia.org/Leland_Cheung,,,
"Toomey, Jr., Timothy J.",Cambridge City Council 2011,1695,Cambridge,MA,2011,City Council,9,stv_whole_ballot,TRUE,TRUE,FALSE,M,,,https://www.cambridgema.gov/election2011/unofficial/ccouncil/Council%20Round1.htm,,,
"Maher, David P.",Cambridge City Council 2011,1678,Cambridge,MA,2011,City Council,9,stv_whole_ballot,TRUE,TRUE,FALSE,M,,,https://www.cambridgema.gov/election2011/unofficial/ccouncil/Council%20Round1.htm,,,
"Kelley, Craig A.",Cambridge City Council 2011,1094,Cambridge,MA,2011,City Council,9,stv_whole_ballot,TRUE,TRUE,FALSE,M,,Democrat,https://www.cambridgema.gov/election2011/unofficial/ccouncil/Council%20Round14.htm,,,
"Reeves, Kenneth E.",Cambridge City Council 2011,1002,Cambridge,MA,2011,City Council,9,stv_whole_ballot,TRUE,TRUE,FALSE,M,,,https://www.cambridgema.gov/election2011/unofficial/ccouncil/Council%20Round14.htm,,,
"Fantini, Alfred B.",Cambridge School Committee 2011,3134,Cambridge,MA,2011,School Committee,6,stv_whole_ballot,TRUE,TRUE,FALSE,M,,,https://www.cpsd.us/school_committee/school_committee_members/alfred_b__fantini,,,
"Osborne, Mervan F.",Cambridge School Committee 2011,2636,Cambridge,MA,2011,School Committee,6,stv_whole_ballot,TRUE,TRUE,FALSE,M,,,http://www.cambridgeday.com/2015/07/21/school-committees-osborne-isnt-running-for-third-term-citing-job-family-demands/,,,
"McGovern, Marc C.",Cambridge School Committee 2011,2253,Cambridge,MA,2011,School Committee,6,stv_whole_ballot,TRUE,TRUE,FALSE,M,,,https://www.cambridgecouncilcandidates.com/candidates/marc-mcgovern/,,,
"Harding, Jr., Richard",Cambridge School Committee 2011,2246,Cambridge,MA,2011,School Committee,6,stv_whole_ballot,TRUE,TRUE,FALSE,M,,,https://www.cambridgema.gov/election2011/unofficial/schoolcomm/School%20Round8.htm,,,
GEORGE GASCÓN,San Francisco District Attorney 2011,76043,San Francisco,CA,2011,District Attorney,1,rcv_single_winner,TRUE,TRUE,FALSE,M,,Democrat,https://en.wikipedia.org/wiki/George_Gasc%C3%B3n,,,
ED LEE,San Francisco Mayor 2011,59663,San Francisco,CA,2011,Mayor,1,rcv_single_winner,TRUE,TRUE,FALSE,M,,Democrat,https://en.wikipedia.org/wiki/Ed_Lee_(politician),,,
ROSS MIRKARIMI,San Francisco Sheriff 2011,70204,San Francisco,CA,2011,Sheriff,1,rcv_single_winner,TRUE,TRUE,FALSE,M,,,http://www.rossforsheriff.org/about-ross-mirkarimi/,,,
TOM BATES,2012 Mayor - Berkeley Nov 2012,28635,Berkeley,CA,2012,Mayor,1,rcv_single_winner,TRUE,TRUE,FALSE,M,,Democrat,https://en.wikipedia.org/wiki/Tom_Bates,,,
DARRYL MOORE,"2012 Member, City Council, District 2 - Berkeley Nov 2012",3393,Berkeley,CA,2012,Member City Council District 2,1,rcv_single_winner,TRUE,TRUE,FALSE,M,,,https://www.berkeleyside.com/2016/11/21/cheryl-davila-defeats-darryl-moore-to-win-city-council-seat,,,
MAX ANDERSON,"2012 Member, City Council, District 3 - Berkeley Nov 2012",3119,Berkeley,CA,2012,Member City Council District 3,1,rcv_single_winner,TRUE,TRUE,FALSE,M,,,https://www.acgov.org/rov/rcv/results/rcvresults_6060.htm,,,
LAURIE CAPITELLI,"2012 Member, City Council, District 5 - Berkeley Nov 2012",4324,Berkeley,CA,2012,Member City Council District 5,1,rcv_single_winner,TRUE,TRUE,FALSE,M,,,https://www.acgov.org/rov/current_election/6161.htm,,,
DAN KALB,"2012 Member, City Council, District 1- Oakland Nov 2012",8243,Oakland,CA,2012,Member City Council District 1,1,rcv_single_winner,TRUE,TRUE,FALSE,M,,Democrat,https://en.wikipedia.org/wiki/Dan_Kalb,,,
NOEL GALLO,"2012 Member, City Council, District 5- Oakland Nov 2012",4620,Oakland,CA,2012,Member City Council District 5,1,rcv_single_winner,TRUE,TRUE,FALSE,M,,Democrat,https://en.wikipedia.org/wiki/Noel_Gallo,,,
LARRY E. REID,"2012 Member, City Council, District 7- Oakland Nov 2012",8702,Oakland,CA,2012,Member City Council District 7,1,rcv_single_winner,TRUE,TRUE,FALSE,M,,,https://www.eastbayexpress.com/oakland/larry-reid-is-retiring-from-the-oakland-city-council/Content?oid=27994794,,,
JAMES HARRIS,"2012 School Director, District 7 - Oakland Nov 2012",7938,Oakland,CA,2012,School Director District 7,1,rcv_single_winner,TRUE,TRUE,FALSE,M,,,https://www.ousd.org/Page/9838,,,
NORMAN YEE,San Francisco Board of Supervisors District 7 2012,9142,San Francisco,CA,2012,Board of Supervisors District 7,1,rcv_single_winner,TRUE,TRUE,FALSE,M,,Democrat,https://sfbos.org/supervisor-yee-overview,,,
BENNY LEE,"2012 Member, City Council, District 4 - San Leandro Nov 2012",10244,San Leandro,CA,2012,Member City Council District 4,1,rcv_single_winner,TRUE,TRUE,FALSE,M,,Democrat,"https://www.sanleandro.org/depts/council/dist4.asp, https://ebcitizen.com/2012/11/09/benny-lee-becomes-san-leandros-first-asian-american-councilmember/, https://www.eastbaytimes.com/2012/09/26/san-leandro-city-council-biographies/",,,
JIM PROLA,"2012 Member, City Council, District 6 - San Leandro Nov 2012",12841,San Leandro,CA,2012,Member City Council District 6,1,rcv_single_winner,TRUE,TRUE,FALSE,M,,Democrat,https://www.eastbaytimes.com/2012/09/26/san-leandro-city-council-biographies/,,,
"Cheung, Leland",Cambridge City Council 2013,2388,Cambridge,MA,2013,City Council,9,stv_whole_ballot,TRUE,TRUE,FALSE,M,,Democrat,https://ballotpedia.org/Leland_Cheung,,,
"Maher, David P.",Cambridge City Council 2013,1462,Cambridge,MA,2013,City Council,9,stv_whole_ballot,TRUE,TRUE,FALSE,M,,,https://www.cambridgechamber.org/blog/cambridge-chamber-blog-2360/post/meet-the-new-ceo-david-maher-5587,,,
"Toomey, Jr., Timothy J.",Cambridge City Council 2013,1454,Cambridge,MA,2013,City Council,9,stv_whole_ballot,TRUE,TRUE,FALSE,M,,Democrat,https://en.wikipedia.org/wiki/Timothy_J._Toomey_Jr.,,,
"Benzan, Dennis A.",Cambridge City Council 2013,1296,Cambridge,MA,2013,City Council,9,stv_whole_ballot,TRUE,TRUE,FALSE,M,,,https://www2.cambridgema.gov/cityClerk/CommitteeReport.cfm?instance_id=869,,,
"McGovern, Marc C.",Cambridge City Council 2013,1185,Cambridge,MA,2013,City Council,9,stv_whole_ballot,TRUE,TRUE,FALSE,M,,Democrat,https://cambridge.wickedlocal.com/article/20100406/NEWS/304069825,,,
"Kelley, Craig A.",Cambridge City Council 2013,1087,Cambridge,MA,2013,City Council,9,stv_whole_ballot,TRUE,TRUE,FALSE,M,,Democrat,https://www.craigkelley.org/,,,
"Mazen, Nadeem A.",Cambridge City Council 2013,982,Cambridge,MA,2013,City Council,9,stv_whole_ballot,TRUE,TRUE,FALSE,M,,Democrat,https://www.fec.gov/data/candidate/H8MA07024/,,,
"Fantini, Alfred B.",Cambridge School Committee 2013,2844,Cambridge,MA,2013,School Committee,6,stv_whole_ballot,TRUE,TRUE,FALSE,M,,,https://www.cpsd.us/school_committee/school_committee_members/alfred_b__fantini,,,
"Harding, Jr., Richard",Cambridge School Committee 2013,2337,Cambridge,MA,2013,School Committee,6,stv_whole_ballot,TRUE,TRUE,FALSE,M,,Democrat,https://www.justastart.org/richard-harding/,,,
"Osborne, Mervan F.",Cambridge School Committee 2013,1229,Cambridge,MA,2013,School Committee,6,stv_whole_ballot,TRUE,TRUE,FALSE,M,,,https://www.stgeorges.edu/news/read/~board/news/post/mervan-osborne-86-appointed-associate-head-for-student-life,,,
DAVID B WHEELER,Minneapolis BOE 2013,16347,Minneapolis,MN,2013,BOE,2,stv_fractional_ballot,TRUE,TRUE,FALSE,M,,Democrat,https://ballotpedia.org/David_Wheeler_(Minnesota),,,
JOHN ERWIN,Minneapolis Park At Large 2013,14656,Minneapolis,MN,2013,Park At Large,3,stv_fractional_ballot,TRUE,TRUE,FALSE,M,,Democrat,https://www.startribune.com/outgoing-minneapolis-park-board-member-john-erwin-offers-his-recommendations/454176153/,,,
JON OLSON,Minneapolis Park District 2 2013,4056,Minneapolis,MN,2013,Park District 2,1,rcv_single_winner,TRUE,TRUE,FALSE,M,,Democrat,https://kymnradio.net/2019/11/12/jon-olson-announces-bid-for-minnesota-senate-district-20/,,,
BRAD BOURN,Minneapolis Park District 6 2013,8900,Minneapolis,MN,2013,Park District 6,1,rcv_single_winner,TRUE,TRUE,FALSE,M,,Democrat,https://www.southwestjournal.com/news/parks/2019/12/brad-bourn-wont-seek-park-board-presidency/,,,
BLONG YANG,Minneapolis Ward 5 2013,1462,Minneapolis,MN,2013,Ward 5,1,rcv_single_winner,TRUE,TRUE,FALSE,M,,Democrat,https://ballotpedia.org/Blong_Yang,,,
KRISS WORTHINGTON,"2014 Member, City Council, District 7 - Berkeley Nov 2014",832,Berkeley,CA,2014,Member City Council District 7,1,rcv_single_winner,TRUE,TRUE,FALSE,M,,,https://www.dailycal.org/2018/11/13/he-will-be-missed-kriss-worthington-reflects-on-22-years-on-city-council/,,,
ABEL GUILLEN,"2014 Member, City Council, District 2 - Oakland Nov 2014",4868,Oakland,CA,2014,Member City Council District 2,1,rcv_single_winner,TRUE,TRUE,FALSE,M,,,https://ballotpedia.org/Abel_Guillen,,,
"Mazen, Nadeem A.",Cambridge City Council 2015,1925,Cambridge,MA,2015,City Council,9,stv_whole_ballot,TRUE,TRUE,FALSE,M,,Democrat,https://www.fec.gov/data/candidate/H8MA07024/,,,
"Maher, David P.",Cambridge City Council 2015,1632,Cambridge,MA,2015,City Council,9,stv_whole_ballot,TRUE,TRUE,FALSE,M,,,https://www.cambridgechamber.org/blog/cambridge-chamber-blog-2360/post/meet-the-new-ceo-david-maher-5587,,,
"Kelley, Craig A.",Cambridge City Council 2015,1425,Cambridge,MA,2015,City Council,9,stv_whole_ballot,TRUE,TRUE,FALSE,M,,Democrat,https://www.craigkelley.org/index.htm,,,
"Toomey, Jr., Timothy J.",Cambridge City Council 2015,1411,Cambridge,MA,2015,City Council,9,stv_whole_ballot,TRUE,TRUE,FALSE,M,,Democrat,https://en.wikipedia.org/wiki/Timothy_J._Toomey_Jr.,,,
"McGovern, Marc C.",Cambridge City Council 2015,1200,Cambridge,MA,2015,City Council,9,stv_whole_ballot,TRUE,TRUE,FALSE,M,,,https://www.cambridgema.gov/Departments/citycouncil/citycouncilmembers/marcmcgovern,,,
"Cheung, Leland",Cambridge City Council 2015,1185,Cambridge,MA,2015,City Council,9,stv_whole_ballot,TRUE,TRUE,FALSE,M,,Democrat,https://ballotpedia.org/Leland_Cheung,,,
"Fantini, Alfred B.",Cambridge School Committee 2015,2708,Cambridge,MA,2015,School Committee,6,stv_whole_ballot,TRUE,TRUE,FALSE,M,,,https://www.cpsd.us/school_committee/school_committee_members/alfred_b__fantini,,,
"Harding, Jr., Richard",Cambridge School Committee 2015,1961,Cambridge,MA,2015,School Committee,6,stv_whole_ballot,TRUE,TRUE,FALSE,M,,,http://rwinters.com/elections/election2003/index.html,,,
AARON PESKIN,San Francisco Board of Supervisors District 3 2015,8740,San Francisco,CA,2015,Board of Supervisors District 3,1,rcv_single_winner,TRUE,TRUE,FALSE,M,,Democrat,https://en.wikipedia.org/wiki/Aaron_Peskin,,,
ED LEE,San Francisco Mayor 2015,105298,San Francisco,CA,2015,Mayor,1,rcv_single_winner,TRUE,TRUE,FALSE,M,,Democrat,https://en.wikipedia.org/wiki/Ed_Lee_(politician),,,
BEN BARTLETT,2016 BerkeleyCouncilD3,4048,Berkeley,CA,2016,CouncilD3,1,rcv_single_winner,TRUE,TRUE,FALSE,M,,,http://www.benbartlett.vote/about,,,
JESSE ARREGUÍN,2016 BerkeleyMayor,28984,Berkeley,CA,2016,Mayor,1,rcv_single_winner,TRUE,TRUE,FALSE,M,,,https://www.jessearreguin.com/,,,
DAN KALB,2016 OaklandCouncilD1,24955,Oakland,CA,2016,CouncilD1,1,rcv_single_winner,TRUE,TRUE,FALSE,M,,Democrat,https://en.wikipedia.org/wiki/Dan_Kalb,,,
NOEL GALLO,2016 OaklandCouncilD5,7775,Oakland,CA,2016,CouncilD5,1,rcv_single_winner,TRUE,TRUE,FALSE,M,,Democrat,https://en.wikipedia.org/wiki/Noel_Gallo,,,
LARRY E. REID,2016 OaklandCouncilD7,8392,Oakland,CA,2016,CouncilD7,1,rcv_single_winner,TRUE,TRUE,FALSE,M,,,https://www.eastbayexpress.com/oakland/larry-reid-is-retiring-from-the-oakland-city-council/Content?oid=27994794,,,
JAMES HARRIS,2016 OaklandSchoolD7,9772,Oakland,CA,2016,SchoolD7,1,rcv_single_winner,TRUE,TRUE,FALSE,M,,,https://www.ousd.org/Page/9838,,,
AHSHA SAFAI,San Francisco Board of Supervisors District 11 2016,9422,San Francisco,CA,2016,Board of Supervisors District 11,1,rcv_single_winner,TRUE,TRUE,FALSE,M,,Democrat,https://en.wikipedia.org/wiki/Ahsha_Safa%C3%AD,,,
AARON PESKIN,San Francisco Board of Supervisors District 3 2016,19093,San Francisco,CA,2016,Board of Supervisors District 3,1,rcv_single_winner,TRUE,TRUE,FALSE,M,,Democrat,https://en.wikipedia.org/wiki/Aaron_Peskin,,,
NORMAN YEE,San Francisco Board of Supervisors District 7 2016,14154,San Francisco,CA,2016,Board of Supervisors District 7,1,rcv_single_winner,TRUE,TRUE,FALSE,M,,Democrat,https://en.wikipedia.org/wiki/Norman_Yee,,,
ED HERNANDEZ,2016 SanLeandroCouncilD2,14331,San Leandro,CA,2016,CouncilD2,1,rcv_single_winner,TRUE,TRUE,FALSE,M,,,https://www.sanleandro.org/depts/council/dist2.asp,,,
BENNY LEE,2016 SanLeandroCouncilD4,21779,San Leandro,CA,2016,CouncilD4,1,rcv_single_winner,TRUE,TRUE,FALSE,M,,,http://sanleandrotalk.voxpublica.org/tag/benny-lee/,,,
PETE BALLEW,2016 SanLeandroCouncilD6,20867,San Leandro,CA,2016,CouncilD6,1,rcv_single_winner,TRUE,TRUE,FALSE,M,,,https://ebcitizen.com/2020/01/29/how-he-became-san-leandros-vice-mayor-pete/,,,
"McGovern, Marc C.",Cambridge City Council 2017,1871,Cambridge,MA,2017,City Council,9,stv_whole_ballot,TRUE,TRUE,FALSE,M,,,https://www.cambridgema.gov/Departments/citycouncil/citycouncilmembers/marcmcgovern,,,
"Toomey, Jr., Timothy J.",Cambridge City Council 2017,1609,Cambridge,MA,2017,City Council,9,stv_whole_ballot,TRUE,TRUE,FALSE,M,,Democrat,https://en.wikipedia.org/wiki/Timothy_J._Toomey_Jr.,,,
"Zondervan, Quinton Y.",Cambridge City Council 2017,1562,Cambridge,MA,2017,City Council,9,stv_whole_ballot,TRUE,TRUE,FALSE,M,,,https://www.cambridgema.gov/Departments/citycouncil/citycouncilmembers/quintonzondervan,,,
"Carlone, Dennis J.",Cambridge City Council 2017,1169,Cambridge,MA,2017,City Council,9,stv_whole_ballot,TRUE,TRUE,FALSE,M,,,http://vote.cambridgecivic.com/carlone.htm,,,
"Fantini, Alfred B.",Cambridge School Committee 2017,2710,Cambridge,MA,2017,School Committee,6,stv_whole_ballot,TRUE,TRUE,FALSE,M,,,https://www.cpsd.us/school_committee/school_committee_members/alfred_b__fantini,,,
"Kimbrough, Laurance V.",Cambridge School Committee 2017,1849,Cambridge,MA,2017,School Committee,6,stv_whole_ballot,TRUE,TRUE,FALSE,M,,,http://vote.cambridgecivic.com/kimbrough.htm,,,
David B. Wheeler,Minneapolis BOE 2017,19252,Minneapolis,MN,2017,BOE,2,stv_fractional_ballot,TRUE,TRUE,FALSE,M,,Democratic–Farmer–Labor Party,https://ballotpedia.org/David_Wheeler_(Minnesota),,,
Jacob Frey,Minneapolis Mayor 2017,26042,Minneapolis,MN,2017,Mayor,1,rcv_single_winner,TRUE,TRUE,FALSE,M,,Democrat,https://en.wikipedia.org/wiki/Jacob_Frey,,,
Londel French,Minneapolis Park At Large 2017,12387,Minneapolis,MN,2017,Park At Large,3,stv_fractional_ballot,TRUE,TRUE,FALSE,M,,Democratic–Farmer–Labor Party,https://ballotpedia.org/Londel_French,,,
Chris Meyer,Minneapolis Park District 1 2017,6354,Minneapolis,MN,2017,Park District 1,1,rcv_single_winner,TRUE,TRUE,FALSE,M,,Democratic–Farmer–Labor Party,https://ballotpedia.org/Chris_Meyer,,,
Kale Severson,Minneapolis Park District 2 2017,5073,Minneapolis,MN,2017,Park District 2,1,rcv_single_winner,TRUE,TRUE,FALSE,M,,Democratic–Farmer–Labor Party,https://ballotpedia.org/Kale_Severson,,,
AK Hassan,Minneapolis Park District 3 2017,7057,Minneapolis,MN,2017,Park District 3,1,rcv_single_winner,TRUE,TRUE,FALSE,M,,,https://www.startribune.com/park-commissioner-ak-hassan-announces-run-for-minneapolis-city-council/569440252/,,,
Jono Cowgill,Minneapolis Park District 4 2017,6787,Minneapolis,MN,2017,Park District 4,1,rcv_single_winner,TRUE,TRUE,FALSE,M,,,https://www.southwestjournal.com/news/parks/2020/01/jono-cowgill-elected-park-board-president/,,,
Brad Bourn,Minneapolis Park District 6 2017,8080,Minneapolis,MN,2017,Park District 6,1,rcv_single_winner,TRUE,TRUE,FALSE,M,,,https://www.southwestjournal.com/news/parks/2019/12/brad-bourn-wont-seek-park-board-presidency/,,,
Kevin Reich,Minneapolis Ward 1 2017,4012,Minneapolis,MN,2017,Ward 1,1,rcv_single_winner,TRUE,TRUE,FALSE,M,,Democratic–Farmer–Labor Party,https://ballotpedia.org/Kevin_Reich,,,
Jeremy Schroeder,Minneapolis Ward 11 2017,3229,Minneapolis,MN,2017,Ward 11,1,rcv_single_winner,TRUE,TRUE,FALSE,M,,Democratic–Farmer–Labor Party,https://ballotpedia.org/Jeremy_Schroeder,,,
Andrew Johnson,Minneapolis Ward 12 2017,8874,Minneapolis,MN,2017,Ward 12,1,rcv_single_winner,TRUE,TRUE,FALSE,M,,Democratic–Farmer–Labor Party,https://en.wikipedia.org/wiki/Andrew_Johnson_(Minnesota_politician),,,
Cam Gordon,Minneapolis Ward 2 2017,5912,Minneapolis,MN,2017,Ward 2,1,rcv_single_winner,TRUE,TRUE,FALSE,M,,Green,https://en.wikipedia.org/wiki/Cam_Gordon,,,
Jeremiah Ellison,Minneapolis Ward 5 2017,1981,Minneapolis,MN,2017,Ward 5,1,rcv_single_winner,TRUE,TRUE,FALSE,M,,,https://www.startribune.com/from-activist-to-authority-jeremiah-ellison-navigates-minneapolis-civil-rights-fight/557218002/,,,
Abdi Warsame,Minneapolis Ward 6 2017,3603,Minneapolis,MN,2017,Ward 6,1,rcv_single_winner,TRUE,TRUE,FALSE,M,,Democratic–Farmer–Labor Party,https://en.wikipedia.org/wiki/Abdi_Warsame,,,
RIGEL ROBINSON,Berkeley Council D7 2018,1580,Berkeley,CA,2018,Council D7,1,rcv_single_winner,TRUE,TRUE,FALSE,M,,,https://rigelrobinson.com/,did win,,
LOREN TAYLOR,Oakland Council D6 2018,7144,Oakland,CA,2018,Council D6,1,rcv_single_winner,TRUE,TRUE,FALSE,M,,,https://ballotpedia.org/Loren_Taylor,did win,,
GARY D. YEE,Oakland School D4 2018,14477,Oakland,CA,2018,School D4,1,rcv_single_winner,TRUE,TRUE,FALSE,M,,,https://www.ousd.org/Page/18181,did win,,
SHAMANN WALTON,San Francisco Board of Supervisors District 10 2018,9550,San Francisco,CA,2018,Board of Supervisors District 10,1,rcv_single_winner,TRUE,TRUE,FALSE,M,,Democrat,https://en.wikipedia.org/wiki/Shamann_Walton,,,
GORDON MAR,San Francisco Board of Supervisors District 4 2018,10288,San Francisco,CA,2018,Board of Supervisors District 4,1,rcv_single_winner,TRUE,TRUE,FALSE,M,,Democrat,https://en.wikipedia.org/wiki/Gordon_Mar,,,
MATT HANEY,San Francisco Board of Supervisors District 6 2018,14249,San Francisco,CA,2018,Board of Supervisors District 6,1,rcv_single_winner,TRUE,TRUE,FALSE,M,,Democrat,https://en.wikipedia.org/wiki/Matt_Haney,,,
RAFAEL MANDELMAN,San Francisco Board of Supervisors District 8 2018,38292,San Francisco,CA,2018_11,Board of Supervisors District 8,1,rcv_single_winner,TRUE,TRUE,FALSE,M,,Democrat,https://en.wikipedia.org/wiki/Rafael_Mandelman,,,
JEFF ADACHI,San Francisco Public Defender 2018,286688,San Francisco,CA,2018,Public Defender,1,rcv_single_winner,TRUE,TRUE,FALSE,M,,Democrat,https://en.wikipedia.org/wiki/Jeff_Adachi,,,
"Golden, Jared F.",Maine Democratic Primary for CD2 2018,20935,Maine,ME,2018,Democratic Primary for CD2,1,rcv_single_winner,TRUE,TRUE,FALSE,M,,Democrat,https://en.wikipedia.org/wiki/Jared_Golden,,,
Alan Webber,Santa Fe Mayor 2018,8076,Santa Fe,NM,2018,Mayor,1,rcv_single_winner,TRUE,TRUE,FALSE,M,,Democrat,https://en.wikipedia.org/wiki/Alan_Webber,,,
Harvey Curley,Eastpointe City Council 2019,1607,Eastpointe,MI,2019,City Council,2,stv_fractional_ballot,TRUE,TRUE,FALSE,M,,,https://www.cityofeastpointe.net/index.asp?SEC=64C35AE1-0FF7-4C58-92EB-2A7DD1EA3983&Type=B_DIR,,,
DOUG WELTON,Payson City Council 2019,1037,Payson,UT,2019,City Council,3,sequential_rcv,TRUE,TRUE,FALSE,M,,,https://paysonutah.org/government-transparency/elected-officials/doug-welton,,,
DENNIS J. HERRERA,San Francisco City Attorney 2019,161369,San Francisco,CA,2019,City Attorney,1,rcv_single_winner,TRUE,TRUE,FALSE,M,,Democrat,https://en.wikipedia.org/wiki/Dennis_Herrera,,,
CHESA BOUDIN,San Francisco District Attorney 2019,68575,San Francisco,CA,2019,District Attorney,1,rcv_single_winner,TRUE,TRUE,FALSE,M,,Democrat,https://en.wikipedia.org/wiki/Chesa_Boudin,,,
"MANOHAR ""MANO"" RAJU",San Francisco Public Defender 2019,158560,San Francisco,CA,2019,Public Defender,1,rcv_single_winner,TRUE,TRUE,FALSE,M,,,http://sfpublicdefender.org/the-leadership/,,,
PAUL MIYAMOTO,San Francisco Sheriff 2019,146628,San Francisco,CA,2019,Sheriff,1,rcv_single_winner,TRUE,TRUE,FALSE,M,,,,,,
JOSÉ CISNEROS,San Francisco Treasurer 2019,152703,San Francisco,CA,2019,Treasurer,1,rcv_single_winner,TRUE,TRUE,FALSE,M,,Democrat,https://en.wikipedia.org/wiki/Jos%C3%A9_Cisneros,,,
LONDON BREED,San Francisco Mayor June 2018,91918,San Francisco,CA,2018,Mayor,1,rcv_single_winner,TRUE,TRUE,FALSE,F,,Democrat,https://en.wikipedia.org/wiki/London_Breed,,,
DESLEY BROOKS,"2014 Member, City Council, District 6 - Oakland Nov 2014",4759,Oakland,CA,2014,Member City Council District 6,1,rcv_single_winner,TRUE,TRUE,FALSE,F,,,[COUNTING ERROR] https://ballotpedia.org/Desley_Brooks,,,
SHEREDA F. NOSAKHARE,"2014 Member, City Council, District 6 - Oakland Nov 2014",,Oakland,CA,2014,Member City Council District 6,1,rcv_single_winner,FALSE,FALSE,FALSE,F,,,[COUNTING ERROR] https://ballotpedia.org/Desley_Brooks,,,
LORI DROSTE,"2014 Member, City Council, District 8 - Berkeley Nov 2014",1314,Berkeley,CA,2014,Member City Council District 8,1,rcv_single_winner,TRUE,TRUE,FALSE,F,,,[COUNTING ERROR] https://www.dailycal.org/2014/11/12/lori-droste-poised-take-city-council-seat-unofficial-vote-update-shows/,,,
"vanBeuzekom, Minka Y.",Cambridge City Council 2013,,Cambridge,MA,2013,City Council,9,stv_whole_ballot,FALSE,FALSE,FALSE,F,,,https://www.thecrimson.com/article/2013/12/13/city-council-recount-confirmation,,,
"Davis, Henrietta",Cambridge City Council 2001,1691,Cambridge,MA,2001,City Council,9,stv_whole_ballot,TRUE,TRUE,FALSE,F,,,https://en.wikipedia.org/wiki/Henrietta_Davis_(politician),,,
"Decker, Marjorie C.",Cambridge City Council 2001,1524,Cambridge,MA,2001,City Council,9,stv_whole_ballot,TRUE,TRUE,FALSE,F,,,https://en.wikipedia.org/wiki/Marjorie_Decker,,,
"Simmons, Denise",Cambridge City Council 2001,1322,Cambridge,MA,2001,City Council,9,stv_whole_ballot,TRUE,TRUE,FALSE,F,,,https://en.wikipedia.org/wiki/E._Denise_Simmons,,,
"Davis, Henrietta",Cambridge City Council 2003,1828,Cambridge,MA,2003,City Council,9,stv_whole_ballot,TRUE,TRUE,FALSE,F,,,https://en.wikipedia.org/wiki/Henrietta_Davis_(politician),,,
"Decker, Marjorie C.",Cambridge City Council 2003,1361,Cambridge,MA,2003,City Council,9,stv_whole_ballot,TRUE,TRUE,FALSE,F,,,https://en.wikipedia.org/wiki/Marjorie_Decker,,,
"Walser, Nancy",Cambridge School Committee 2003,3807,Cambridge,MA,2003,School Committee,6,stv_whole_ballot,TRUE,TRUE,FALSE,F,,,http://rwinters.com/elections/election2003/index.html,,,
Michela Alioto-pier,San Francisco District 2 2004,21013,San Francisco,CA,2004,District 2,1,rcv_single_winner,TRUE,TRUE,FALSE,F,,Democrat,https://en.wikipedia.org/wiki/Michela_Alioto-Pier,,,
"Decker, Marjorie C.",Cambridge City Council 2005,1521,Cambridge,MA,2005,City Council,9,stv_whole_ballot,TRUE,TRUE,FALSE,F,,Democrat,https://en.wikipedia.org/wiki/Marjorie_Decker,,,
"Davis, Henrietta",Cambridge City Council 2005,1453,Cambridge,MA,2005,City Council,9,stv_whole_ballot,TRUE,TRUE,FALSE,F,,,https://en.wikipedia.org/wiki/Henrietta_Davis_(politician),,,
"Simmons, Denise",Cambridge City Council 2005,1319,Cambridge,MA,2005,City Council,9,stv_whole_ballot,TRUE,TRUE,FALSE,F,,Democrat,https://www.cambridgema.gov/Departments/citycouncil/citycouncilmembers/denisesimmons,,,
"Nolan, Patricia M.",Cambridge School Committee 2005,2381,Cambridge,MA,2005,School Committee,6,stv_whole_ballot,TRUE,TRUE,FALSE,F,,,https://www.cambridgema.gov/Departments/citycouncil/citycouncilmembers/patricianolan,,,
"Walser, Nancy",Cambridge School Committee 2005,1987,Cambridge,MA,2005,School Committee,6,stv_whole_ballot,TRUE,TRUE,FALSE,F,,,,,,
Sophie Maxwell,San Francisco Board of Supervisors District 10 2006,7916,San Francisco,CA,2006,Board of Supervisors District 10,1,rcv_single_winner,TRUE,TRUE,FALSE,F,,,https://en.wikipedia.org/wiki/Sophie_Maxwell,,,
Michela Alioto-pier,San Francisco Board of Supervisors District 2 2006,16393,San Francisco,CA,2006,Board of Supervisors District 2,1,rcv_single_winner,TRUE,TRUE,FALSE,F,,Democrat,https://en.wikipedia.org/wiki/Michela_Alioto-Pier,,,
"Davis, Henrietta",Cambridge City Council 2007,1590,Cambridge,MA,2007,City Council,9,stv_whole_ballot,TRUE,TRUE,FALSE,F,,,https://en.wikipedia.org/wiki/Henrietta_Davis_(politician),,,
"Decker, Marjorie C.",Cambridge City Council 2007,1064,Cambridge,MA,2007,City Council,9,stv_whole_ballot,TRUE,TRUE,FALSE,F,,Democrat,https://en.wikipedia.org/wiki/Marjorie_Decker,,,
"Simmons, E. Denise",Cambridge City Council 2007,988,Cambridge,MA,2007,City Council,9,stv_whole_ballot,TRUE,TRUE,FALSE,F,,Democrat,https://www.cambridgema.gov/Departments/citycouncil/citycouncilmembers/denisesimmons,,,
"Nolan, Patricia M.",Cambridge School Committee 2007,1663,Cambridge,MA,2007,School Committee,6,stv_whole_ballot,TRUE,TRUE,FALSE,F,,,https://www.cpsd.us/UserFiles/Servers/Server_3042785/File/Migration/BRC_Pres_060308.pdf?rev=3,,,
Joyce McDonald,Pierce County Assessor - Treasurer 2008,19953,Pierce County,WA,2008,Assessor - Treasurer,1,rcv_single_winner,TRUE,TRUE,FALSE,F,,Republican,https://online.co.pierce.wa.us/cfapps/council/iview/councilMeeting.cfm?meeting_dt=06/16/09%203:00%20PM,,,
CARMEN CHU,San Francisco Board of Supervisors District 4 2008,15353,San Francisco,CA,2008,Board of Supervisors District 4,1,rcv_single_winner,TRUE,TRUE,FALSE,F,,Democrat,https://en.wikipedia.org/wiki/Carmen_Chu,,,
"Davis, Henrietta",Cambridge City Council 2009,1847,Cambridge,MA,2009,City Council,9,stv_whole_ballot,TRUE,TRUE,FALSE,F,,,https://en.wikipedia.org/wiki/Henrietta_Davis_(politician),,,
"Simmons, E. Denise",Cambridge City Council 2009,1776,Cambridge,MA,2009,City Council,9,stv_whole_ballot,TRUE,TRUE,FALSE,F,,Democrat,https://www.cambridgema.gov/Departments/citycouncil/citycouncilmembers/denisesimmons,,,
"Decker, Marjorie C.",Cambridge City Council 2009,1284,Cambridge,MA,2009,City Council,9,stv_whole_ballot,TRUE,TRUE,FALSE,F,,Democrat,https://en.wikipedia.org/wiki/Marjorie_Decker,,,
Julie Anderson,Pierce County Auditor 2009,76556,Pierce County,WA,2009,Auditor,1,rcv_single_winner,TRUE,TRUE,FALSE,F,,,https://www.co.pierce.wa.us/Directory.aspx?EID=341,,,
Carol Becker,Minneapolis BOE 2009,16727,Minneapolis,MN,2009,BOE,2,stv_fractional_ballot,TRUE,TRUE,FALSE,F,,,http://vote.minneapolismn.gov/results/2009/index.htm,,,
Annie Young,Minneapolis Park At Large 2009,6941,Minneapolis,MN,2009,Park At Large,3,stv_fractional_ballot,TRUE,TRUE,FALSE,F,,,http://vote.minneapolismn.gov/results/2009/index.htm,,,
Liz Wielinski,Minneapolis Park District 1 2009,4335,Minneapolis,MN,2009,Park District 1,1,rcv_single_winner,TRUE,TRUE,FALSE,F,,,http://vote.minneapolismn.gov/results/2009/index.htm,,,
Anita Tabb,Minneapolis Park District 4 2009,5012,Minneapolis,MN,2009,Park District 4,1,rcv_single_winner,TRUE,TRUE,FALSE,F,,,http://vote.minneapolismn.gov/results/2009/index.htm,,,
Carol Kummer,Minneapolis Park District 5 2009,2964,Minneapolis,MN,2009,Park District 5,1,rcv_single_winner,TRUE,TRUE,FALSE,F,,,http://vote.minneapolismn.gov/results/2009/index.htm,,,
Meg Tuthill,Minneapolis Ward 10 2009,2405,Minneapolis,MN,2009,Ward 10,1,rcv_single_winner,TRUE,TRUE,FALSE,F,,,http://vote.minneapolismn.gov/results/2009/index.htm,,,
Sandy Colvin Roy,Minneapolis Ward 12 2009,3035,Minneapolis,MN,2009,Ward 12,1,rcv_single_winner,TRUE,TRUE,FALSE,F,,,http://vote.minneapolismn.gov/results/2009/index.htm,,,
Betsy Hodges,Minneapolis Ward 13 2009,4141,Minneapolis,MN,2009,Ward 13,1,rcv_single_winner,TRUE,TRUE,FALSE,F,,,http://vote.minneapolismn.gov/results/2009/index.htm,,,
Diane Hofstede,Minneapolis Ward 3 2009,1465,Minneapolis,MN,2009,Ward 3,1,rcv_single_winner,TRUE,TRUE,FALSE,F,,,http://vote.minneapolismn.gov/results/2009/index.htm,,,
Barbara A. Johnson,Minneapolis Ward 4 2009,1546,Minneapolis,MN,2009,Ward 4,1,rcv_single_winner,TRUE,TRUE,FALSE,F,,,http://vote.minneapolismn.gov/results/2009/index.htm,,,
Lisa Goodman,Minneapolis Ward 7 2009,2997,Minneapolis,MN,2009,Ward 7,1,rcv_single_winner,TRUE,TRUE,FALSE,F,,,http://vote.minneapolismn.gov/results/2009/index.htm,,,
Elizabeth Glidden,Minneapolis Ward 8 2009,2291,Minneapolis,MN,2009,Ward 8,1,rcv_single_winner,TRUE,TRUE,FALSE,F,,,http://vote.minneapolismn.gov/results/2009/index.htm,,,
ANN-MARIE HOGAN,2010 City Auditor - Berkeley Nov 2010,31026,Berkeley,CA,2010,City Auditor,1,rcv_single_winner,TRUE,TRUE,FALSE,F,,,https://www.berkeleyside.com/2018/05/30/after-24-years-of-keeping-city-accountable-berkeley-auditor-ann-marie-hogan-is-retiring,,,
LINDA MAIO,"2010 Member, City Council, District 1 - Berkeley Nov 2010",3727,Berkeley,CA,2010,Member City Council District 1,1,rcv_single_winner,TRUE,TRUE,FALSE,F,,,https://www.dailycal.org/2018/11/12/linda-maio-leaves-berkeley-city-council-after-more-than-2-decades-of-service/,,,
COURTNEY RUBY,2010 City Auditor - Oakland Nov 2010,65051,Oakland,CA,2010,City Auditor,1,rcv_single_winner,TRUE,TRUE,FALSE,F,,,https://www.oaklandauditor.com/about/about-courtney/,,,
PATRICIA KERNIGHAN,"2010 Member, City Council, District 2 - Oakland Nov 2010",8917,Oakland,CA,2010,Member City Council District 2,1,rcv_single_winner,TRUE,TRUE,FALSE,F,,,https://en.wikipedia.org/wiki/Patricia_Kernighan,,,
LIBBY SCHAAF,"2010 Member, City Council, District 4 - Oakland Nov 2010",8746,Oakland,CA,2010,Member City Council District 4,1,rcv_single_winner,TRUE,TRUE,FALSE,F,,Democrat,https://en.wikipedia.org/wiki/Libby_Schaaf,,,
DESLEY BROOKS,"2010 Member, City Council, District 6 - Oakland Nov 2010",8254,Oakland,CA,2010,Member City Council District 6,1,rcv_single_winner,TRUE,TRUE,FALSE,F,,,https://en.wikipedia.org/wiki/Desley_Brooks,,,
JANE KIM,San Francisco Board of Supervisors District 6 2010,6591,San Francisco,CA,2010,Board of Supervisors District 6,1,rcv_single_winner,TRUE,TRUE,FALSE,F,,Green-Democrat,https://en.wikipedia.org/wiki/Jane_Kim,,,
DIANA M. SOUZA,"2010 Member, City Council, District 3 - San Leandro Nov 2010",16995,San Leandro,CA,2010,Member City Council District 3,1,rcv_single_winner,TRUE,TRUE,FALSE,F,,,https://www.sanleandro.org/depts/cityhall/candidate_information_2.asp,,,
PAULINE RUSSO CUTTER,"2010 Member, City Council, District 5 - San Leandro Nov 2010",10719,San Leandro,CA,2010,Member City Council District 5,1,rcv_single_winner,TRUE,TRUE,FALSE,F,,,https://www.eastbaytimes.com/2018/11/06/cutter-out-in-front-in-race-for-san-leandro-mayor/,,,
"Davis, Henrietta",Cambridge City Council 2011,1431,Cambridge,MA,2011,City Council,9,stv_whole_ballot,TRUE,TRUE,FALSE,F,,,https://en.wikipedia.org/wiki/Henrietta_Davis_(politician),,,
"Simmons, E. Denise",Cambridge City Council 2011,1254,Cambridge,MA,2011,City Council,9,stv_whole_ballot,TRUE,TRUE,FALSE,F,,Democrat,https://www.cambridgema.gov/Departments/citycouncil/citycouncilmembers/denisesimmons,,,
"Decker, Marjorie C.",Cambridge City Council 2011,1119,Cambridge,MA,2011,City Council,9,stv_whole_ballot,TRUE,TRUE,FALSE,F,,,https://www.cambridgema.gov/election2011/unofficial/ccouncil/Council%20Round14.htm,,,
"vanBeuzekom, Minka Y.",Cambridge City Council 2011,1038,Cambridge,MA,2011,City Council,9,stv_whole_ballot,TRUE,TRUE,FALSE,F,,,https://www.cambridgema.gov/election2011/unofficial/ccouncil/Council%20Round14.htm,,,
"Nolan, Patricia M.",Cambridge School Committee 2011,2826,Cambridge,MA,2011,School Committee,6,stv_whole_ballot,TRUE,TRUE,FALSE,F,,,https://www.cambridgema.gov/Departments/citycouncil/citycouncilmembers/patricianolan,,,
"Turkel, Alice L.",Cambridge School Committee 2011,2541,Cambridge,MA,2011,School Committee,6,stv_whole_ballot,TRUE,TRUE,FALSE,F,,,http://vote.cambridgecivic.com/turkel.htm,,,
SUSAN WENGRAF,"2012 Member, City Council, District 6 - Berkeley Nov 2012",5569,Berkeley,CA,2012,Member City Council District 6,1,rcv_single_winner,TRUE,TRUE,FALSE,F,,,https://www.acgov.org/rov/current_election/,,,
BARBARA PARKER,2012 City Attorney - Oakland Nov 2012,89727,Oakland,CA,2012,City Attorney,1,rcv_single_winner,TRUE,TRUE,FALSE,F,,,https://www.oaklandca.gov/officials/barbara-parker,,,
REBECCA KAPLAN,"2012 Member, City Council, At-Large - Oakland Nov 2012",64933,Oakland,CA,2012,Member City Council At-Large,1,rcv_single_winner,TRUE,TRUE,FALSE,F,,Democrat,https://en.wikipedia.org/wiki/Rebecca_Kaplan,,,
JODY LONDON,"2012 School Director, District 1 - Oakland Nov 2012",19777,Oakland,CA,2012,School Director District 1,1,rcv_single_winner,TRUE,TRUE,FALSE,F,,,https://www.ousd.org/Page/457,,,
JUMOKE HINTON HODGE,"2012 School Director, District 3 - Oakland Nov 2012",9658,Oakland,CA,2012,School Director District 3,1,rcv_single_winner,TRUE,TRUE,FALSE,F,,,https://www.ousd.org/Page/458,,,
ROSIE TORRES,"2012 School Director, District 5 - Oakland Nov 2012",5973,Oakland,CA,2012,School Director District 5,1,rcv_single_winner,TRUE,TRUE,FALSE,F,,,https://ballotpedia.org/Roseann_Torres,,,
LONDON BREED,San Francisco Board of Supervisors District 5 2012,9794,San Francisco,CA,2012,Board of Supervisors District 5,1,rcv_single_winner,TRUE,TRUE,FALSE,F,,Democrat,https://en.wikipedia.org/wiki/London_Breed,,,
"Simmons, E. Denise",Cambridge City Council 2013,1179,Cambridge,MA,2013,City Council,9,stv_whole_ballot,TRUE,TRUE,FALSE,F,,Democrat,https://www.cambridgema.gov/Departments/citycouncil/citycouncilmembers/denisesimmons,,,
"Nolan, Patricia M.",Cambridge School Committee 2013,3904,Cambridge,MA,2013,School Committee,6,stv_whole_ballot,TRUE,TRUE,FALSE,F,,Nonpartisan,https://www.ourcampaigns.com/CandidateDetail.html?CandidateID=449983,,,
"Kelly, Kathleen M.",Cambridge School Committee 2013,2092,Cambridge,MA,2013,School Committee,6,stv_whole_ballot,TRUE,TRUE,FALSE,F,,Democrat,https://www.cambridgema.gov/Departments/electioncommission/campaignandpoliticalfinance/campaignfinancereportsschoolcommittee/kathleenkelly,,,
"Cronin, Fran Albin",Cambridge School Committee 2013,1826,Cambridge,MA,2013,School Committee,6,stv_whole_ballot,TRUE,TRUE,FALSE,F,,Democrat,http://www.cambridgeday.com/2015/10/27/ward-6-dems-make-five-endorsements-among-candidates-for-school-committee/,,,
CAROL J. BECKER,Minneapolis BOE 2013,23898,Minneapolis,MN,2013,BOE,2,stv_fractional_ballot,TRUE,TRUE,FALSE,F,,Democrat,https://ballotpedia.org/Carol_Becker,,,
BETSY HODGES,Minneapolis Mayor 2013,28935,Minneapolis,MN,2013,Mayor,1,rcv_single_winner,TRUE,TRUE,FALSE,F,,Democrat,https://en.wikipedia.org/wiki/Betsy_Hodges,,,
ANNIE YOUNG,Minneapolis Park At Large 2013,9276,Minneapolis,MN,2013,Park At Large,3,stv_fractional_ballot,TRUE,TRUE,FALSE,F,,Democrat,https://m.startribune.com/obituary-annie-young-longtime-minneapolis-park-board-member-was-a-blunt-advocate-for-conservation/470785703/,,,
MEG FORNEY,Minneapolis Park At Large 2013,7838,Minneapolis,MN,2013,Park At Large,3,stv_fractional_ballot,TRUE,TRUE,FALSE,F,,Democrat,https://ballotpedia.org/Meg_Forney,,,
LINEA PALMISANO,Minneapolis Ward 13 2013,4448,Minneapolis,MN,2013,Ward 13,1,rcv_single_winner,TRUE,TRUE,FALSE,F,,Democrat,http://lineapalmisano.org/,,,
ALONDRA CANO,Minneapolis Ward 9 2013,1696,Minneapolis,MN,2013,Ward 9,1,rcv_single_winner,TRUE,TRUE,FALSE,F,,Democrat,https://ballotpedia.org/Alondra_Cano,,,
ANN-MARIE HOGAN,2014 City Auditor - Berkeley Nov 2014,26640,Berkeley,CA,2014,City Auditor,1,rcv_single_winner,TRUE,TRUE,FALSE,F,,Non-Partisan,https://www.berkeleyside.com/2018/05/30/after-24-years-of-keeping-city-accountable-berkeley-auditor-ann-marie-hogan-is-retiring,,,
LINDA MAIO,"2014 Member, City Council, District 1 - Berkeley Nov 2014",3035,Berkeley,CA,2014,Member City Council District 1,1,rcv_single_winner,TRUE,TRUE,FALSE,F,,Democrat,https://www.berkeleyside.com/2018/03/11/berkeley-city-councilwoman-linda-maio-will-not-seek-re-election,,,
BRENDA ROBERTS,2014 City Auditor - Oakland Nov 2014,60677,Oakland,CA,2014,City Auditor,1,rcv_single_winner,TRUE,TRUE,FALSE,F,,,https://localwiki.org/oakland/Brenda_Roberts,,,
LIBBY SCHAAF,2014 Mayor - Oakland Nov 2014,29983,Oakland,CA,2014,Mayor,1,rcv_single_winner,TRUE,TRUE,FALSE,F,,,https://www.oaklandca.gov/officials/libby-schaaf,,,
ANNIE CAMPBELL WASHINGTON,"2014 Member, City Council, District 4 - Oakland Nov 2014",11321,Oakland,CA,2014,Member City Council District 4,1,rcv_single_winner,TRUE,TRUE,FALSE,F,,,https://www.eastbaytimes.com/2018/04/12/oakland-councilwoman-annie-campbell-washington-not-seeking-re-election/,,,
AIMEE ENG,"2014 School Director, District 2 - Oakland Nov 2014",8854,Oakland,CA,2014,School Director District 2,1,rcv_single_winner,TRUE,TRUE,FALSE,F,,,https://www.ousd.org/Page/12212,,,
NINA SENN,"2014 School Director, District 4 - Oakland Nov 2014",6155,Oakland,CA,2014,School Director District 4,1,rcv_single_winner,TRUE,TRUE,FALSE,F,,,https://ballotpedia.org/Nina_Senn,,,
SHANTHI GONZALES,"2014 School Director, District 6 - Oakland Nov 2014",6030,Oakland,CA,2014,School Director District 6,1,rcv_single_winner,TRUE,TRUE,FALSE,F,,,https://www.ousd.org/Page/454,,,
MALIA COHEN,San Francisco Board of Supervisors District 10 2014,7141,San Francisco,CA,2014,Board of Supervisors District 10,1,rcv_single_winner,TRUE,TRUE,FALSE,F,,,https://www.boe.ca.gov/cohen/,,,
PAULINE RUSSO CUTTER,2014 Mayor of San Leandro Nov 2014,7864,San Leandro,CA,2014,Mayor,1,rcv_single_winner,TRUE,TRUE,FALSE,F,,,http://www.ci.san-leandro.ca.us/depts/council/mayor.asp,,,
CORINA LOPEZ,"2014 Member, City Council, District 5 - San Leandro Nov 2014",7887,San Leandro,CA,2014,Member City Council District 5,1,rcv_single_winner,TRUE,TRUE,FALSE,F,,,http://sanleandrotalk.voxpublica.org/tag/corina-lopez/,,,
"Simmons, E. Denise",Cambridge City Council 2015,1699,Cambridge,MA,2015,City Council,9,stv_whole_ballot,TRUE,TRUE,FALSE,F,,Democrat,https://www.cambridgema.gov/Departments/citycouncil/citycouncilmembers/denisesimmons,,,
"Devereux, Jan",Cambridge City Council 2015,1306,Cambridge,MA,2015,City Council,9,stv_whole_ballot,TRUE,TRUE,FALSE,F,,Progressive,https://jandevereux.org/,,,
"Nolan, Patricia M.",Cambridge School Committee 2015,2995,Cambridge,MA,2015,School Committee,6,stv_whole_ballot,TRUE,TRUE,FALSE,F,,Nonpartisan,https://www.ourcampaigns.com/CandidateDetail.html?CandidateID=449983,,,
"Kelly, Kathleen M.",Cambridge School Committee 2015,1691,Cambridge,MA,2015,School Committee,6,stv_whole_ballot,TRUE,TRUE,FALSE,F,,,http://www.kathleenmkelly.com/about-kathleen/,,,
"Bowman, Manikka L.",Cambridge School Committee 2015,1477,Cambridge,MA,2015,School Committee,6,stv_whole_ballot,TRUE,TRUE,FALSE,F,,,https://www.cpsd.us/school_committee/school_committee_members/manikka_bowman,,,
VICKI HENNESSY,San Francisco Sheriff 2015,113111,San Francisco,CA,2015,Sheriff,1,rcv_single_winner,TRUE,TRUE,FALSE,F,,,https://en.wikipedia.org/wiki/Vicki_Hennessy,,,
SOPHIE HAHN,2016 BerkeleyCouncilD5,5810,Berkeley,CA,2016,CouncilD5,1,rcv_single_winner,TRUE,TRUE,FALSE,F,,,https://www.sophiehahn.com/,,,
SUSAN WENGRAF,2016 BerkeleyCouncilD6,4344,Berkeley,CA,2016,CouncilD6,1,rcv_single_winner,TRUE,TRUE,FALSE,F,,,https://www.cityofberkeley.info/council6/,,,
BARBARA J. PARKER,2016 OaklandAttorney,125162,Oakland,CA,2016,Attorney,1,rcv_single_winner,TRUE,TRUE,FALSE,F,,,https://www.oaklandca.gov/officials/barbara-parker,,,
REBECCA KAPLAN,2016 OaklandCouncilAtLrg,83009,Oakland,CA,2016,CouncilAtLrg,1,rcv_single_winner,TRUE,TRUE,FALSE,F,,Democrat,https://en.wikipedia.org/wiki/Rebecca_Kaplan,,,
LYNETTE GIBSON MCELHANEY,2016 OaklandCouncilD3,13025,Oakland,CA,2016,CouncilD3,1,rcv_single_winner,TRUE,TRUE,FALSE,F,,,https://en.wikipedia.org/wiki/Lynette_Gibson_McElhaney,,,
JODY LONDON,2016 OaklandSchoolD1,21399,Oakland,CA,2016,SchoolD1,1,rcv_single_winner,TRUE,TRUE,FALSE,F,,,https://www.ousd.org/Page/457,,,
JUMOKE HINTON HODGE,2016 OaklandSchoolD3,8810,Oakland,CA,2016,SchoolD3,1,rcv_single_winner,TRUE,TRUE,FALSE,F,,,https://www.ousd.org/Page/458,,,
SANDRA LEE FEWER,San Francisco Board of Supervisors District 1 2016,12550,San Francisco,CA,2016,Board of Supervisors District 1,1,rcv_single_winner,TRUE,TRUE,FALSE,F,,Democrat,https://en.wikipedia.org/wiki/Sandra_Lee_Fewer,,,
LONDON BREED,San Francisco Board of Supervisors District 5 2016,21318,San Francisco,CA,2016,Board of Supervisors District 5,1,rcv_single_winner,TRUE,TRUE,FALSE,F,,Democrat,,,,
HILLARY RONEN,San Francisco Board of Supervisors District 9 2016,18335,San Francisco,CA,2016,Board of Supervisors District 9,1,rcv_single_winner,TRUE,TRUE,FALSE,F,,Democrat,https://en.wikipedia.org/wiki/Hillary_Ronen,,,
"Simmons, E. Denise",Cambridge City Council 2017,2611,Cambridge,MA,2017,City Council,9,stv_whole_ballot,TRUE,TRUE,FALSE,F,,Democrat,https://www.cambridgema.gov/Departments/citycouncil/citycouncilmembers/denisesimmons,,,
"Siddiqui, Sumbul",Cambridge City Council 2017,2530,Cambridge,MA,2017,City Council,9,stv_whole_ballot,TRUE,TRUE,FALSE,F,,,https://www.cambridgema.gov/Departments/citycouncil/citycouncilmembers/sumbulsiddiqui,,,
"Devereux, Jan",Cambridge City Council 2017,1695,Cambridge,MA,2017,City Council,9,stv_whole_ballot,TRUE,TRUE,FALSE,F,,,https://cambridge.wickedlocal.com/news/20190514/cambridges-vice-mayor-jan-devereux-announces-she-will-not-seek-reelection,,,
"Mallon, Alanna M.",Cambridge City Council 2017,1323,Cambridge,MA,2017,City Council,9,stv_whole_ballot,TRUE,TRUE,FALSE,F,,,https://www.cambridgema.gov/Departments/citycouncil/citycouncilmembers/alannamallon,,,
"Nolan, Patricia M.",Cambridge School Committee 2017,3434,Cambridge,MA,2017,School Committee,6,stv_whole_ballot,TRUE,TRUE,FALSE,F,,Democrat,https://www.thecrimson.com/article/2019/11/4/patricia-nolan-2019/,,,
"Bowman, Manikka L.",Cambridge School Committee 2017,2756,Cambridge,MA,2017,School Committee,6,stv_whole_ballot,TRUE,TRUE,FALSE,F,,,https://www.cpsd.us/school_committee/school_committee_members/manikka_bowman,,,
"Dexter, Emily R.",Cambridge School Committee 2017,2359,Cambridge,MA,2017,School Committee,6,stv_whole_ballot,TRUE,TRUE,FALSE,F,,,http://www.cambridgeday.com/2019/12/15/dexter-opts-out-third-school-committee-term-amid-educators-unrest-after-n-word-report/,,,
"Kelly, Kathleen M.",Cambridge School Committee 2017,1864,Cambridge,MA,2017,School Committee,6,stv_whole_ballot,TRUE,TRUE,FALSE,F,,,http://www.kathleenmkelly.com/about-kathleen/,,,
KATE HARRISON,2017 BerkCouncilD4,1607,Berkeley,CA,2017,CouncilD4,1,rcv_single_winner,TRUE,TRUE,FALSE,F,,,http://electkateharrison.com/,,,
Carol Becker,Minneapolis BOE 2017,48099,Minneapolis,MN,2017,BOE,2,stv_fractional_ballot,TRUE,TRUE,FALSE,F,,Democratic–Farmer–Labor Party,https://ballotpedia.org/Carol_Becker,,,
Meg Forney,Minneapolis Park At Large 2017,18975,Minneapolis,MN,2017,Park At Large,3,stv_fractional_ballot,TRUE,TRUE,FALSE,F,,Democratic–Farmer–Labor Party,https://ballotpedia.org/Meg_Forney,,,
Latrisha Vetaw,Minneapolis Park At Large 2017,18506,Minneapolis,MN,2017,Park At Large,3,stv_fractional_ballot,TRUE,TRUE,FALSE,F,,Green,https://ballotpedia.org/LaTrisha_Vetaw,,,
Steffanie Musich,Minneapolis Park District 5 2017,9464,Minneapolis,MN,2017,Park District 5,1,rcv_single_winner,TRUE,TRUE,FALSE,F,,,http://www.musichforparks.com/about.html,,,
Lisa Bender,Minneapolis Ward 10 2017,4883,Minneapolis,MN,2017,Ward 10,1,rcv_single_winner,TRUE,TRUE,FALSE,F,,Democratic–Farmer–Labor Party,https://en.wikipedia.org/wiki/Lisa_Bender,,,
Linea Palmisano,Minneapolis Ward 13 2017,9404,Minneapolis,MN,2017,Ward 13,1,rcv_single_winner,TRUE,TRUE,FALSE,F,,,http://www.minneapolismn.gov/ward13/about-palmisano,,,
Lisa Goodman,Minneapolis Ward 7 2017,4742,Minneapolis,MN,2017,Ward 7,1,rcv_single_winner,TRUE,TRUE,FALSE,F,,,http://www.minneapolismn.gov/ward7/council_ward7_ward_7_cm_background,,,
Andrea Jenkins,Minneapolis Ward 8 2017,5762,Minneapolis,MN,2017,Ward 8,1,rcv_single_winner,TRUE,TRUE,FALSE,F,,,http://www.ci.minneapolis.mn.us/ward8/about-andrea,,,
Alondra Cano,Minneapolis Ward 9 2017,2621,Minneapolis,MN,2017,Ward 9,1,rcv_single_winner,TRUE,TRUE,FALSE,F,,,http://www.ci.minneapolis.mn.us/ward9/about-alondra,,,
JENNY WONG,Berkeley City Auditor 2018,46196,Berkeley,CA,2018,City Auditor,1,rcv_single_winner,TRUE,TRUE,FALSE,F,,,https://www.jennyforauditor.com/,,,
RASHI KESARWANI,Berkeley Council D1 2018,3491,Berkeley,CA,2018,Council D1,1,rcv_single_winner,TRUE,TRUE,FALSE,F,,,https://www.dailycal.org/2018/05/01/rashi-kesarwani-run-berkeley-city-council-district-1/,,,
KATE HARRISON,Berkeley Council D4 2018,2881,Berkeley,CA,2018,Council D4,1,rcv_single_winner,TRUE,TRUE,FALSE,F,,,http://electkateharrison.com/about/,,,
LORI DROSTE,Berkeley Council D8 2018,3667,Berkeley,CA,2018,Council D8,1,rcv_single_winner,TRUE,TRUE,FALSE,F,,,https://www.cityofberkeley.info/Council_8/Elected_Officials_and_Collections/Meet_Lori_Droste.aspx,,,
COURTNEY RUBY,Oakland City Auditor 2018,87321,Oakland,CA,2018,City Auditor,1,rcv_single_winner,TRUE,TRUE,FALSE,F,,,https://ballotpedia.org/Courtney_Ruby,,,
NIKKI FORTUNATO BAS,Oakland Council D2 2018,11273,Oakland,CA,2018,Council D2,1,rcv_single_winner,TRUE,TRUE,FALSE,F,,,https://ballotpedia.org/Nikki_Fortunato_Bas,,,
SHENG THAO,Oakland Council D4 2018,8739,Oakland,CA,2018,Council D4,1,rcv_single_winner,TRUE,TRUE,FALSE,F,,,https://ballotpedia.org/Sheng_Thao,,,
LIBBY SCHAAF,Oakland Mayor 2018,84314,Oakland,CA,2018,Mayor,1,rcv_single_winner,TRUE,TRUE,FALSE,F,,Democrat,https://en.wikipedia.org/wiki/Libby_Schaaf,,,
AIMEE ENG,Oakland School D2 2018,16402,Oakland,CA,2018,School D2,1,rcv_single_winner,TRUE,TRUE,FALSE,F,,,https://www.ousd.org/Page/12212,,,
SHANTHI GONZALES,Oakland School D6 2018,13565,Oakland,CA,2018,School D6,1,rcv_single_winner,TRUE,TRUE,FALSE,F,,,https://www.ousd.org/Page/454,,,
CARMEN CHU,San Francisco Assessor-Recorder 2018,235187,San Francisco,CA,2018,Assessor-Recorder,1,rcv_single_winner,TRUE,TRUE,FALSE,F,,Democrat,https://en.wikipedia.org/wiki/Carmen_Chu,,,
CATHERINE STEFANI,San Francisco Board of Supervisors District 2 2018,14378,San Francisco,CA,2018,Board of Supervisors District 2,1,rcv_single_winner,TRUE,TRUE,FALSE,F,,Democrat,https://en.wikipedia.org/wiki/Catherine_Stefani,,,
DEBORAH COX,San Leandro Council D1 2018,16103,San Leandro,CA,2018,Council D1,1,rcv_single_winner,TRUE,TRUE,FALSE,F,,,https://www.sanleandro.org/depts/council/dist1.asp,,,
CORINA N. LOPEZ,San Leandro Council D5 2018,16315,San Leandro,CA,2018,Council D5,1,rcv_single_winner,TRUE,TRUE,FALSE,F,,Democrat,https://www.corinalopez.com/,,,
PAULINE RUSSO CUTTER,San Leandro Mayor 2018,13319,San Leandro,CA,2018,Mayor,1,rcv_single_winner,TRUE,TRUE,FALSE,F,,,http://www.ci.san-leandro.ca.us/depts/council/mayor.asp,,,
"Mills, Janet T.",Maine Democratic Primary for Governor 2018,41704,Maine,ME,2018,Democratic Primary for Governor,1,rcv_single_winner,TRUE,TRUE,FALSE,F,,Democrat,https://en.wikipedia.org/wiki/Janet_Mills,,,
Carol Romero-Wirth,Santa Fe Councilor District 2 2018,3308,Santa Fe,NM,2018,Councilor District 2,1,rcv_single_winner,TRUE,TRUE,FALSE,F,,,https://www.santafenm.gov/councilor_romero-wirth,,,
JoAnne Vigil Coppler,Santa Fe Councilor District 4 2018,2115,Santa Fe,NM,2018,Councilor District 4,1,rcv_single_winner,TRUE,TRUE,FALSE,F,,,https://www.santafenm.gov/councilor_vigil_coppler,,,
Sarah A. Lucido,Eastpointe City Council 2019,1852,Eastpointe,MI,2019,City Council,2,stv_fractional_ballot,TRUE,TRUE,FALSE,F,,,https://www.cityofeastpointe.net/index.asp?SEC=64C35AE1-0FF7-4C58-92EB-2A7DD1EA3983&Type=B_DIR,,,
CRISTY WELSH,Vineyard City Council 2019,346,Vineyard,UT,2019,City Council,2,sequential_rcv,TRUE,TRUE,FALSE,F,,,https://cristyforvineyard.com/about-cristy/,,,
LONDON N. BREED,San Francisco Mayor 2019,125200,San Francisco,CA,2019,Mayor,1,rcv_single_winner,TRUE,TRUE,FALSE,F,,Democrat,https://en.wikipedia.org/wiki/London_Breed,,,
DEBORAH COX,"2014 Member, City Council, District 1 - San Leandro Nov 2014",6534,San Leandro,CA,2014,Member City Council District 1,1,rcv_single_winner,TRUE,TRUE,FALSE,F,,,https://www.sanleandro.org/depts/council/dist1.asp,,,
LEE THOMAS,"2014 Member, City Council, District 3 - San Leandro Nov 2014",7649,San Leandro,CA,2014,Member City Council District 3,1,rcv_single_winner,TRUE,TRUE,FALSE,M,,,https://sanleandro.legistar.com/MeetingDetail.aspx?ID=643484&GUID=2B3A34FE-3C0F-4721-B422-A2CB39B85875&Search=,,,